"";"Grp"
"LWT_Ctrl2";"LWT_CTRL"
"LWT_MCD5";"LWT_MCD "
"LKO_Ctrl3";"LKO_CTRL"
"LKO_MCD1";"LKO_MCD "
"LKO_MCD4";"LKO_MCD "
"LKO_Ctrl6";"LKO_CTRL"
"LWT_MCD2";"LWT_MCD "
"LWT_Ctrl5";"LWT_CTRL"
"LWT_MCD1";"LWT_MCD "
"LWT_Ctrl6";"LWT_CTRL"
"LKO_MCD5";"LKO_MCD "
"LKO_Ctrl1";"LKO_CTRL"
"LKO_Ctrl4";"LKO_CTRL"
"LKO_MCD2";"LKO_MCD "
"LWT_Ctrl3";"LWT_CTRL"
"LWT_MCD4";"LWT_MCD "
"LKO_MCD3";"LKO_MCD "
"LKO_Ctrl5";"LKO_CTRL"
"LWT_MCD6";"LWT_MCD "
"LWT_Ctrl4";"LWT_CTRL"
"LWT_Ctrl1";"LWT_CTRL"
"LWT_MCD3";"LWT_MCD "
"LKO_Ctrl2";"LKO_CTRL"
"LKO_MCD6";"LKO_MCD "
